{"cameraMode":{"drawMode":0,"name":"Shaded","section":"Shading Mode"},"sceneLighting":false,"audioPlay":false,"sceneViewState":{"showFog":true,"showMaterialUpdate":true,"showSkybox":false,"showFlares":true,"showImageEffects":true,"showParticleSystems":true},"in2DMode":false,"pivot":{"x":0.4402472972869873,"y":0.771518349647522,"z":1.0850715637207032},"rotation":{"x":-0.10317585617303848,"y":0.8214331269264221,"z":-0.15738044679164887,"w":-0.5384052991867065},"size":4.140313625335693,"orthographic":false}