{"cameraMode":{"drawMode":0,"name":"Shaded","section":"Shading Mode"},"sceneLighting":false,"audioPlay":false,"sceneViewState":{"showFog":true,"showMaterialUpdate":true,"showSkybox":false,"showFlares":true,"showImageEffects":true,"showParticleSystems":true},"in2DMode":false,"pivot":{"x":0.5671713352203369,"y":3.017699956893921,"z":1.9573335647583008},"rotation":{"x":0.011163149029016495,"y":0.7235860824584961,"z":0.011725541204214096,"w":-0.6900764107704163},"size":7.126693248748779,"orthographic":false}