{"cameraMode":{"drawMode":0,"name":"Shaded","section":"Shading Mode"},"sceneLighting":false,"audioPlay":false,"sceneViewState":{"showFog":true,"showMaterialUpdate":true,"showSkybox":false,"showFlares":true,"showImageEffects":true,"showParticleSystems":true},"in2DMode":false,"pivot":{"x":-0.029999971389770509,"y":5.96999979019165,"z":1.7000000476837159},"rotation":{"x":-0.03899469971656799,"y":0.7142344117164612,"z":-0.03988835960626602,"w":-0.6977118253707886},"size":4.184728622436523,"orthographic":false}