{"cameraMode":{"drawMode":0,"name":"Shaded","section":"Shading Mode"},"sceneLighting":true,"audioPlay":false,"sceneViewState":{"showFog":true,"showMaterialUpdate":true,"showSkybox":true,"showFlares":true,"showImageEffects":true,"showParticleSystems":true},"in2DMode":false,"pivot":{"x":-24.608501434326173,"y":2.2352542877197267,"z":5.082474708557129},"rotation":{"x":0.060977399349212649,"y":-0.32336968183517458,"z":0.02088693343102932,"w":0.9440777897834778},"size":42.47848892211914,"orthographic":false}