{"cameraMode":{"drawMode":0,"name":"Shaded","section":"Shading Mode"},"sceneLighting":false,"audioPlay":false,"sceneViewState":{"showFog":true,"showMaterialUpdate":true,"showSkybox":false,"showFlares":true,"showImageEffects":true,"showParticleSystems":true},"in2DMode":false,"pivot":{"x":-0.7217140197753906,"y":5.86670446395874,"z":0.34163641929626467},"rotation":{"x":-0.12174730747938156,"y":0.5864484310150147,"z":-0.0897144004702568,"w":-0.7957737445831299},"size":6.614566802978516,"orthographic":false}