{"cameraMode":{"drawMode":0,"name":"Shaded","section":"Shading Mode"},"sceneLighting":false,"audioPlay":false,"sceneViewState":{"showFog":true,"showMaterialUpdate":true,"showSkybox":false,"showFlares":true,"showImageEffects":true,"showParticleSystems":true},"in2DMode":false,"pivot":{"x":-0.005852222442626953,"y":1.7580764293670655,"z":2.0354065895080568},"rotation":{"x":-0.006049807649105787,"y":0.6346781849861145,"z":-0.004939556587487459,"w":-0.7727664113044739},"size":11.922622680664063,"orthographic":false}